Workbook

Sheet BESS
B2: 2026 BESS in operation MW | G2: 2026 BESS in operation MWh | L2: 2026 BESS in test MW | R2: 2026 BESS in test MWh | W2: 2026 BESS in construction MW | AC2: 2026 BESS in construction MWh
C3: Generadoras | D3: Min. Energía | E3: ACERA | H3: E. Abierta | I3: Generadoras | J3: ACERA | M3: Generadoras | N3: Min. Energía | O3: Coordinador | P3: ACERA | S3: Generadoras | T3: ACERA | X3: E. Abierta | Y3: Generadoras | Z3: Min. Energía | AA3: ACERA | AD3: Generadoras | AE3: ACERA
B4: January | C4: 2159 | D4: 1584 | E4: 1575 | G4: January | H4: =2+50+250+1812+1704+1100 -> 4918 | I4: 8662 | J4: 6384 | L4: January | M4: 1065 | N4: 1601 | O4: =1914.9*0.2 -> 382.98 | P4: 746 | R4: January | S4: 4900 | T4: 2688 | W4: January | X4: 7253 | Y4: 6731 | Z4: 5783 | AA4: 7278 | AC4: January | AD4: 30374 | AE4: 32504
B5: February | C5: 2480 | D5: 1700 | E5: 1691 | G5: February | H5: =2+250+900+621+5240 -> 7013 | I5: 8174 | J5: 6964 | L5: February | M5: 988 | N5: 1531 | O5: =2471.3*0.292 -> 721.6196 | P5: 1486 | R5: February | S5: 3381 | T5: 5972 | W5: February | X5: 6571 | Y5: 6660 | Z5: 6179 | AA5: 6596 | AC5: February | AD5: 23327 | AE5: 29473
B6: March | C6: 2529 | D6: 2071 | E6: 1691 | G6: March | H6: =2+250+621+5240+55 -> 6168 | I6: 8786 | J6: 6964 | L6: March | M6: 1255 | N6: 2119 | O6: =2883*0.418 -> 1205.094 | P6: 1832 | R6: March | S6: 3699 | T6: 7102 | W6: March | X6: 6358 | Y6: 6361 | Z6: 5646 | AA6: 6385 | AC6: March | AD6: 22479 | AE6: 29018
B7: April | C7: 3293 | D7: 2071 | E7: 2063 | G7: April | I7: 13174 | J7: 8477 | L7: April | M7: 1301 | N7: 2225 | O7: =2720.4*0.444 -> 1207.8576 | P7: 2124 | R7: April | S7: 4163 | T7: 9730 | W7: April | Y7: 5684 | Z7: 5799 | AA7: 5977 | AC7: April | AD7: 24929 | AE7: 25896
B8: May | C8: 3293 | D8: 2071 | E8: 2063 | G8: May | H8: 3898 | I8: 15271 | J8: 8777 | L8: May | M8: 1709 | N8: 2524 | O8: =3031.8*0.553 -> 1676.5854 | P8: 2425 | R8: May | S8: 7297 | T8: 11275 | W8: May | X8: 5728 | Y8: 5554 | Z8: 5639 | AA8: 5746 | AC8: May | AD8: 24061 | AE8: 24638
B9: June | D9: 2291 | E9: 2318 | G9: June | J9: 10057 | L9: June | N9: 2760 | O9: =3176.9*0.489 -> 1553.5041 | P9: 2958 | R9: June | T9: 13593 | W9: June | X9: 5219 | Z9: =+(4705+505) -> 5210 | AA9: 4987 | AC9: June | AE9: 21175
B10: July | D10: 2625 | E10: 2655 | G10: July | J10: 11250 | L10: July | N10: 3183 | O10: =2357.2*0.56 -> 1320.032 | P10: 3151 | R10: July | T10: 14698 | W10: July | X10: 4972 | Z10: =+(4268+705) -> 4973 | AA10: 5040 | AC10: July | AE10: 21721
B11: August | D11: 3123 | E11: 3116 | G11: August | J11: 13522 | L11: August | N11: 2686 | P11: 2686 | R11: August | T11: 12408 | W11: August | X11: 5149 | AA11: 5217 | AC11: August | AE11: 22330
B12: September | G12: September | L12: September | R12: September | W12: September | AC12: September
B13: October | G13: October | L13: October | R13: October | W13: October | AC13: October
B14: November | G14: November | L14: November | R14: November | W14: November | AC14: November
B15: December | G15: December | L15: December | R15: December | W15: December | AC15: December
A17: Evolución capacidad BESS según fecha estimada de interconexión (Updated September 2026 — E. Abierta, Res. Ex. 475, datos al 31-ago-2026)
A18: Month | B18: Year | C18: Acumulado | D18: Mensual
A19: 45962 | B19: 2025 | C19: 0 | D19: 0
A20: 45992 | B20: 2025 | C20: =+C19+D19 -> 0 | D20: 261
A21: 46023 | B21: 2026 | C21: =+C20+D20 -> 261 | D21: 0
A22: 46054 | B22: 2026 | C22: =+C21+D21 -> 261 | D22: 40
A23: 46082 | B23: 2026 | C23: =+C22+D22 -> 301 | D23: 0
A24: 46113 | B24: 2026 | C24: =+C23+D23 -> 301 | D24: 0
A25: 46143 | B25: 2026 | C25: =+C24+D24 -> 301 | D25: 0
A26: 46174 | B26: 2026 | C26: =+C25+D25 -> 301 | D26: 912
A27: 46204 | B27: 2026 | C27: =+C26+D26 -> 1213 | D27: 255
A28: 46235 | B28: 2026 | C28: =+C27+D27 -> 1468 | D28: 1617
A29: 46266 | B29: 2026 | C29: =+C28+D28 -> 3085 | D29: 1400
A30: 46296 | B30: 2026 | C30: =+C29+D29 -> 4485 | D30: 2937
A31: 46327 | B31: 2026 | C31: =+C30+D30 -> 7422 | D31: 107
... A57: 47150 | B57: 2029 | C57: =+C56+D56 -> 21844 | D57: 162
A60: BESS Situation in Chile (ACERA, 2026)
B61: Operation | D61: Test | F61: Construction
A62: Month | B62: MW | C62: MWh | D62: MW | E62: MWh | F62: MW | G62: MWh
A63: January | B63: =IF(BESS!E4="","",BESS!E4) -> 1575 | C63: =IF(BESS!J4="","",BESS!J4) -> 6384 | D63: =IF(BESS!P4="","",BESS!P4) -> 746 | E63: =IF(BESS!T4="","",BESS!T4) -> 2688 | F63: =IF(BESS!AA4="","",BESS!AA4) -> 7278 | G63: =IF(BESS!AE4="","",BESS!AE4) -> 32504
A64: February | B64: =IF(BESS!E5="","",BESS!E5) -> 1691 | C64: =IF(BESS!J5="","",BESS!J5) -> 6964 | D64: =IF(BESS!P5="","",BESS!P5) -> 1486 | E64: =IF(BESS!T5="","",BESS!T5) -> 5972 | F64: =IF(BESS!AA5="","",BESS!AA5) -> 6596 | G64: =IF(BESS!AE5="","",BESS!AE5) -> 29473
A65: March | B65: =IF(BESS!E6="","",BESS!E6) -> 1691 | C65: =IF(BESS!J6="","",BESS!J6) -> 6964 | D65: =IF(BESS!P6="","",BESS!P6) -> 1832 | E65: =IF(BESS!T6="","",BESS!T6) -> 7102 | F65: =IF(BESS!AA6="","",BESS!AA6) -> 6385 | G65: =IF(BESS!AE6="","",BESS!AE6) -> 29018
A66: April | B66: =IF(BESS!E7="","",BESS!E7) -> 2063 | C66: =IF(BESS!J7="","",BESS!J7) -> 8477 | D66: =IF(BESS!P7="","",BESS!P7) -> 2124 | E66: =IF(BESS!T7="","",BESS!T7) -> 9730 | F66: =IF(BESS!AA7="","",BESS!AA7) -> 5977 | G66: =IF(BESS!AE7="","",BESS!AE7) -> 25896
A67: May | B67: =IF(BESS!E8="","",BESS!E8) -> 2063 | C67: =IF(BESS!J8="","",BESS!J8) -> 8777 | D67: =IF(BESS!P8="","",BESS!P8) -> 2425 | E67: =IF(BESS!T8="","",BESS!T8) -> 11275 | F67: =IF(BESS!AA8="","",BESS!AA8) -> 5746 | G67: =IF(BESS!AE8="","",BESS!AE8) -> 24638
A68: June | B68: =IF(BESS!E9="","",BESS!E9) -> 2318 | C68: =IF(BESS!J9="","",BESS!J9) -> 10057 | D68: =IF(BESS!P9="","",BESS!P9) -> 2958 | E68: =IF(BESS!T9="","",BESS!T9) -> 13593 | F68: =IF(BESS!AA9="","",BESS!AA9) -> 4987 | G68: =IF(BESS!AE9="","",BESS!AE9) -> 21175
A69: July | B69: =IF(BESS!E10="","",BESS!E10) -> 2655 | C69: =IF(BESS!J10="","",BESS!J10) -> 11250 | D69: =IF(BESS!P10="","",BESS!P10) -> 3151 | E69: =IF(BESS!T10="","",BESS!T10) -> 14698 | F69: =IF(BESS!AA10="","",BESS!AA10) -> 5040 | G69: =IF(BESS!AE10="","",BESS!AE10) -> 21721
A70: August | B70: =IF(BESS!E11="","",BESS!E11) -> 3116 | C70: =IF(BESS!J11="","",BESS!J11) -> 13522 | D70: =IF(BESS!P11="","",BESS!P11) -> 2686 | E70: =IF(BESS!T11="","",BESS!T11) -> 12408 | F70: =IF(BESS!AA11="","",BESS!AA11) -> 5217 | G70: =IF(BESS!AE11="","",BESS!AE11) -> 22330
A71: September | B71: =IF(BESS!E12="","",BESS!E12) | C71: =IF(BESS!J12="","",BESS!J12) | D71: =IF(BESS!P12="","",BESS!P12) | E71: =IF(BESS!T12="","",BESS!T12) | F71: =IF(BESS!AA12="","",BESS!AA12) | G71: =IF(BESS!AE12="","",BESS!AE12)
A72: October | B72: =IF(BESS!E13="","",BESS!E13) | C72: =IF(BESS!J13="","",BESS!J13) | D72: =IF(BESS!P13="","",BESS!P13) | E72: =IF(BESS!T13="","",BESS!T13) | F72: =IF(BESS!AA13="","",BESS!AA13) | G72: =IF(BESS!AE13="","",BESS!AE13)
A73: November | B73: =IF(BESS!E14="","",BESS!E14) | C73: =IF(BESS!J14="","",BESS!J14) | D73: =IF(BESS!P14="","",BESS!P14) | E73: =IF(BESS!T14="","",BESS!T14) | F73: =IF(BESS!AA14="","",BESS!AA14) | G73: =IF(BESS!AE14="","",BESS!AE14)
A74: December | B74: =IF(BESS!E15="","",BESS!E15) | C74: =IF(BESS!J15="","",BESS!J15) | D74: =IF(BESS!P15="","",BESS!P15) | E74: =IF(BESS!T15="","",BESS!T15) | F74: =IF(BESS!AA15="","",BESS!AA15) | G74: =IF(BESS!AE15="","",BESS!AE15)

Sheet Energy Matrix
B2: January | C2: February | D2: March | E2: April | F2: May | G2: June | H2: July
A3: Reservoir Hydraulics | B3: 3514.7 | C3: 4184.7 | D3: 4184.7 | E3: 4184.7 | F3: 4184.7 | G3: 4167.7 | H3: 4167.7
A4: Run if the River Hydraulics | B4: 4034.9 | C4: 3368 | D4: 3368 | E4: 3368 | F4: 3369.9 | G4: 3386.9 | H4: 3388.5
A5: Natural Gas | B5: 5643.1 | C5: 5300 | D5: 5384.5 | E5: 5384.5 | F5: 5384.5 | G5: 5384.5 | H5: 4859.72
A6: Coal | B6: 2804.3 | C6: 3181.2 | D6: 3138.2 | E6: 3138.2 | F6: 3138.2 | G6: 3138.2 | H6: 3138.25
A7: Diesel | B7: 3096.2 | C7: 3053.8 | D7: 3075.4 | E7: 3083.6 | F7: 3083.6 | G7: 3086.6 | H7: 3105.08
A8: Other thermal | B8: 908.6 | C8: 908.6 | D8: 908.6 | E8: 908.6 | F8: 908.6 | G8: 908.6 | H8: 1392.1
A9: Eolic | B9: 6348.8 | C9: 6348.8 | D9: 6352.2 | E9: 6352.2 | F9: 6658.2 | G9: 6910.4 | H9: 6837.11
A10: Sola (Thermal) | B10: 114.4 | C10: 114.4 | D10: 114.4 | E10: 114.4 | F10: 114.4 | G10: 114.4 | H10: 114.4
A11: Solar (PV) | B11: 12546.5 | C11: 12836.7 | D11: 13026.4 | E11: 13227.9 | F11: 13268.1 | G11: 13556.4 | H11: 14049.4
A12: Geothermal | B12: 94.88 | C12: 94.88 | D12: 94.9 | E12: 94.88 | F12: 94.9 | G12: 94.9 | H12: 94.9
A13: Total [MW] | B13: =+SUM(B3:B12) -> 39106.38 | C13: =+SUM(C3:C12) -> 39391.08 | D13: =+SUM(D3:D12) -> 39647.3 | E13: =+SUM(E3:E12) -> 39856.98 | F13: =+SUM(F3:F12) -> 40205.1 | G13: =+SUM(G3:G12) -> 40748.6 | H13: =+SUM(H3:H12) -> 41147.16
A16: Technology | B16: Installed capacity [MW] | C16: %
A17: Hydric | B17: =+C17*$C$25 -> 7556.2 | C17: =+SUM(H3:H4)/$H$13 -> 0.18363843
A18: Natural Gas | B18: =+C18*$C$25 -> 4859.72 | C18: =+H5/$H$13 -> 0.11810584
A19: Coal | B19: =+C19*$C$25 -> 3138.25 | C19: =+H6/$H$13 -> 0.076268933
A20: Diesel | B20: =+C20*$C$25 -> 3105.08 | C20: =+H7/$H$13 -> 0.075462802
A21: Other thermal | B21: =+C21*$C$25 -> 1392.1 | C21: =+H8/$H$13 -> 0.033832226
A22: Eolic | B22: =+C22*$C$25 -> 6837.11 | C22: =+H9/$H$13 -> 0.16616238
A23: Solar (PV +Thermal) | B23: =+C23*$C$25 -> 14163.8 | C23: =+(H10+H11)/$H$13 -> 0.34422303
A24: Geothermal | B24: =+C24*$C$25 -> 94.9 | C24: =+(H12)/$H$13 -> 0.002306356
A25: Total [MW] | B25: =+C25 -> 41147.16 | C25: =+H13 -> 41147.16

Sheet Market Share Estimate
A1: MARKET SHARE ESTIMATE - BESS CHILE
A2: Corrida | B2: 2026-10-01 (Routine mensual) - ver bitacora al final
A3: Universo (base instalada) | B3: ACERA Boletin Estadisticas Agosto-26, Tabla 6: BESS En Operacion = 3.116 MW / 13.522 MWh
A4: Inventario de proyectos | B4: Ministerio de Energia, Reporte de Proyectos agosto 2026 (Tablas 2, 4 y 6) + ACERA ago-26
A5: Atribucion de fabricante | B5: Busqueda web amplia (prensa sectorial, comunicados de fabricantes y de desarrolladores)
A7: ADVERTENCIA METODOLOGICA
A8: 1 | B8: No existe fuente oficial de market share BESS en Chile. Esto es una estimacion, no una cifra dura.
A9: 2 | B9: Regla aplicada: si un proyecto no tiene fabricante identificable con confianza razonable, NO se le asigna uno a ojo;
B10: se excluye del calculo y se lista en la seccion de excluidos.
A11: 3 | B11: La base instalada (En Operacion, criterio ACERA/CEN) se cuenta aparte de lo que esta en pruebas o solo contratado:
B12: un proyecto en pruebas o un contrato firmado todavia no es capacidad instalada y no puede entrar en ese share.
A13: 4 | B13: RESULTADO DE ESTA CORRIDA: la cobertura de atribucion sobre la base instalada sigue siendo demasiado baja para
B14: publicar un % de participacion de mercado. Ver seccion 3. No se publica un porcentaje este mes.
A16: 1. PROYECTOS CON FABRICANTE ATRIBUIDO - BASE INSTALADA (En Operacion)
A17: Proyecto | B17: Propietario / Desarrollador | C17: MW | D17: MWh | E17: Estado | F17: Fabricante / Integrador | G17: Confianza | H17: Fuente
A18: BESS del Desierto | B18: Atlas Renewable Energy | C18: 200 | D18: 800 | E18: En operacion (abr-2025) | F18: Sungrow (PowerTitan) | G18: Alta | H18: Sungrow, caso de estudio utility-scale; energy-storage.news 04-2025
A19: Andes Solar IIb (BESS) | B19: AES Andes | C19: 112 | D19: 560 | E19: En operacion (jul-2023) | F19: Fluence | G19: Alta | H19: energy-storage.news; AES Andes
A20: Virtual Reservoir II - Alfalfal | B20: AES Andes | C20: n/d | D20: 197 | E20: En operacion | F20: Fluence (Gridstack) | G20: Alta | H20: AES Andes / Fluence (Gridstack)
A21: BESS Coya | B21: Engie Chile | C21: 139 | D21: 638 | E21: En operacion (abr-2024) | F21: Sungrow | G21: Media | H21: Prensa sectorial; Engie no publica el fabricante
A23: 2. ATRIBUIDOS QUE NO SON BASE INSTALADA (en pruebas o contrato anunciado) - EXCLUIDOS DEL SHARE
A24: Proyecto | B24: Propietario / Desarrollador | C24: MW | D24: MWh | E24: Estado | F24: Fabricante / Integrador | G24: Confianza | H24: Fuente
A25: BESS Elena Fase I (Oasis de Atacama F6) | B25: Grenergy | C25: 430 | D25: 3010 | E25: En pruebas (Min. Energia ago-26; inaugurado 08-jun-2026) | F25: BYD (MC Cube-T; 6.240 uds / 624 contenedores) | G25: Alta | H25: Grenergy, comunicado 21-05-2025; energy-storage.news 06-2026
A26: Observatorio (PV+BESS) | B26: Verano Energy | C26: 152 | D26: 606 | E26: Contrato anunciado (ago-2026) | F26: Sungrow (PowerTitan 2) | G26: Alta | H26: ess-news.com 12-08-2026
A27: Complejo PV+BESS BHP | B27: BHP | C27: n/d | D27: 960 | E27: Contrato anunciado (jul-2026) | F27: Sungrow | G27: Media | H27: Prensa sectorial 07-2026
A28: Nota | B28: BESS Elena es la primera atribucion Alta a BYD en Chile en esta hoja. NO entra en el share porque el CEN/Min. Energia
B29: lo clasifica En Pruebas a ago-26, no En Operacion. Pasa a la seccion 1 en cuanto ACERA lo reporte en operacion.
A31: 3. COBERTURA DE LA MUESTRA SOBRE LA BASE INSTALADA
A32: Criterio | B32: MW atribuidos | C32: MW universo | D32: Cobertura MW | E32: MWh atribuidos | F32: MWh universo | G32: Cobertura MWh
A33: Solo confianza Alta | B33: 312 | C33: 3116 | D33: 0.10012837 | E33: 1557 | F33: 13522 | G33: 0.11514569
A34: Alta + Media | B34: 451 | C34: 3116 | D34: 0.14473684 | E34: 2195 | F34: 13522 | G34: 0.16232806
A35: Nota | B35: Virtual Reservoir II aporta MWh pero su MW no esta confirmado; no suma a los MW atribuidos.
A36: Nota | B36: La cobertura BAJA respecto de la corrida anterior (11,8% -> 10,0% en MW) sin que se perdiera ninguna atribucion:
B37: el universo ACERA crecio de 2.655 a 3.116 MW y ninguno de los proyectos que entraron en operacion tiene fabricante publico.
A39: 4. CONCLUSION
B40: Con cobertura de 10%-14% de los MW instalados (12%-16% de los MWh), cualquier reparto porcentual entre
B41: fabricantes estaria determinado por los proyectos SIN atribucion, no por los atribuidos. Publicar un share
B42: con esta base seria dar una precision que la metodologia no sostiene, lo que la regla del repo prohibe.
B43: Lectura cualitativa admisible: entre los proyectos con fabricante confirmado publicamente aparecen Sungrow y
B44: Fluence en base instalada, y BYD con el mayor sistema individual del pais (Elena, 3.010 MWh) todavia en pruebas.
B45: NO se debe leer como un ranking de mercado: es lo que se puede ver, no lo que hay. CATL, Tesla, Wartsila, Trina,
B46: Huawei y e-STORAGE no aparecen con atribucion publica confirmada en proyectos chilenos en esta corrida.
A48: 5. PROYECTOS SIN FABRICANTE CONFIRMADO - EN OPERACION (pesan en el universo, no en el numerador)
A49: Proyecto | B49: Titular | C49: MW | D49: MWh | E49: Entrada en operacion | F49: Fuente
A50: BESS - Gabriela Solar | B50: Grenergy | C50: 220 | D50: 1100 | E50: ago-2026 | F50: Min. Energia ago-26, Tabla 2
A51: BESS Libelula | B51: Engie | C51: 199 | D51: 960 | E51: ago-2026 | F51: Min. Energia ago-26, Tabla 2
A52: BESS Los Loros | B52: Engie | C52: 46 | D52: 230 | E52: ago-2026 | F52: Min. Energia ago-26, Tabla 2
A53: BESS Arica II | B53: Engie | C53: 30 | D53: 150 | E53: ago-2026 | F53: Min. Energia ago-26, Tabla 2
A54: BESS Lota II | B54: Tedlar Marte SpA | C54: 2 | D54: 12 | E54: ago-2026 | F54: Min. Energia ago-26, Tabla 2
A55: BESS Estepa Solar | B55: Atlas | C55: 188 | D55: 752 | E55: jul-2026 | F55: Min. Energia jul-26, Tabla 2
A56: Bolero BESS | B56: AES Andes | C56: 146 | D56: 438 | E56: jul-2026 | F56: Min. Energia jul-26, Tabla 2
A57: Arena BESS CI GMF II | B57: GMF II Arena ProjectCo SpA | C57: 220 | D57: n/d | E57: jun-2026 | F57: Min. Energia jun-26
A58: Andes Solar IV (BESS) | B58: AES Andes | C58: 130 | D58: n/d | E58: 2026 | F58: Corrida anterior
A60: 6. PROYECTOS EN PRUEBAS SIN FABRICANTE CONFIRMADO (Min. Energia ago-26, Tabla 4 - 23 sistemas, 2.686 MW / 12.408 MWh)
A61: Proyecto | B61: Titular | C61: MW | D61: MWh
A62: BESS Elena Fase I | B62: Grenergy | C62: 430 | D62: 3010
A63: BESS - Parque Fotovoltaico Cristales | B63: AES Andes | C63: 340 | D63: 1360
A64: BESS Arenales | B64: AES Andes | C64: 300 | D64: 900
A65: BESS Estepa II | B65: Atlas | C65: 230 | D65: 920
A66: BESS Chaca (Proyecto Celda Solar) | B66: Colbun | C66: 228 | D66: 912
A67: BESS Estela (Ex-BESS PFV Aurora Solar) | B67: Zelestra Energy | C67: 187 | D67: 935
A68: BESS Lile | B68: Engie | C68: 140 | D68: 798
A69: BESS Taira | B69: Metlen | C69: 124 | D69: 619
A70: BESS Granja Solar | B70: Copec Renovables | C70: 105 | D70: 420
A71: BESS Huatacondo | B71: Sojitz | C71: 98 | D71: 98
A72: BESS Tamarico | B72: Metlen | C72: 90 | D72: 450
A73: BESS Sol de Los Andes | B73: OPDE | C73: 90 | D73: 449
... A84: PSF BESS Las Violetas | B84: PSF Las Violetas SpA | C84: 4 | D84: 22
A85: Nota | B85: BESS Elena Fase I si tiene fabricante confirmado (BYD, seccion 2); se lista aqui por completitud de la Tabla 4.
B87: Para elevar la cobertura en proximas corridas: licitaciones adjudicadas (CEN/CNE), memorias anuales de los
B88: desarrolladores, y comunicados de los propios fabricantes son las vias con mayor tasa de atribucion confirmada.
A90: 7. MAIN FUTURE PROJECTS (>= ~1000 MWh)
A91: Fuente: Min. Energia, Reporte de Proyectos agosto 2026 (/MIN ENERGIA/), Tablas 4 y 6, + busqueda abierta al 2026-10-08.
A92: Proyecto | B92: Titular | C92: MW | D92: MWh | E92: Etapa | F92: Movimiento en esta corrida
A93: BESS Elena Fase I | B93: Grenergy | C93: 430 | D93: 3010 | E93: En pruebas | F93: Se mantiene
A94: Sandstone BESS IV (Ex-Patache BESS) | B94: Copenhagen Infrastructure Partners | C94: 300 | D94: 1500 | E94: En construccion (oct-27) | F94: Se mantiene
A95: BESS - Parque Fotovoltaico Cristales | B95: AES Andes | C95: 340 | D95: 1360 | E95: En pruebas | F95: Se mantiene
A96: BESS - Parque Hibrido Pampas | B96: AES Andes | C96: 340 | D96: 1360 | E96: En construccion (sept-26); operacion comercial prevista 2027 | F96: Se mantiene
A97: BESS Tarapaca | B97: FRV | C97: 336 | D97: 1344 | E97: En construccion (mar-27) | F97: Se mantiene
A98: BESS DUNE | B98: Generadora Metropolitana | C98: 306 | D98: 1334 | E98: En construccion (mar-27) | F98: Se mantiene
A99: BESS - PFV Algarrobal 200 MW | B99: Grenergy | C99: 200 | D99: 1300 | E99: En construccion (ene-27) | F99: Se mantiene
A100: BESS PFV Malgarida II | B100: Acciona | C100: 200 | D100: 1000 | E100: En construccion (abr-27) | F100: Se mantiene
A101: BESS Guanchoi | B101: Enel Green Power Chile | C101: 356 | D101: 2136 | E101: Conexion a red autorizada (01-sep-26); debe declarar construccion ante la CNE antes de sep-2027 | F101: Se mantiene (alta 2026-10-01)
A102: PFV Antofagasta 1 (BESS) | B102: Grenergy | C102: 430 | D102: 3010 | E102: En evaluacion ambiental (SEIA, ago-26); construccion prevista may-2028, conexion feb-2030 | F102: Se mantiene (alta 2026-10-01)
A103: BESS Las Bateas | B103: BESS Las Bateas SpA | C103: n/d | D103: 1765 | E103: En evaluacion ambiental (SEIA, ingreso 15-sep-26); Tiltil, RM; US$266 M | F103: Se mantiene (alta 2026-10-01)
A104: BESS Huanil | B104: Limes Renewable Energy | C104: 200 | D104: 1000 | E104: Ready-to-Build (ago-26); Salamanca, Coquimbo | F104: Se mantiene (alta 2026-10-01)
A105: ERNC Antofagasta (ampliacion BESS) | B105: Grupo Ibereolica Renovables | C105: 990 | D105: 4950 | E105: Ampliacion de almacenamiento en consulta de pertinencia ante el SEA (resultado no publicado); proyecto base con RCA, 1.218 MW | F105: ALTA
A106: Black BESS | B106: Inversiones Black Solar (Grupo Mack Energy) | C106: 350 | D106: 1409 | E106: RCA aprobada abr-2026; Camarones, Arica y Parinacota; US$220 M; construccion 16 meses, inicio no confirmado | F106: ALTA
A107: Sidon Solar (BESS) | B107: Sidon Solar SpA (Trina Solar) | C107: 150 | D107: 1296 | E107: RCA aprobada 07-oct-2026 (DIA); Cabrero (Biobio) / Pemuco (Nuble); US$100 M; 158,17 MWdc FV asociados | F107: ALTA
B109: Bajas en esta corrida: ninguna. Se verifico Pampas y Cristales (AES Andes): siguen con operacion comercial prevista
B110: para 2027, no entraron en operacion. Baja ya ejecutada en la corrida 2026-09-24: BESS - Gabriela Solar (Grenergy,
B111: 220 MW / 1.100 MWh) entro en operacion.
B113: Umbral aplicado: >= ~1000 MWh. Quedan fuera por poco BESS Monte Aguila (Grenergy, 240 MW / 960 MWh) y
B114: BESS Copiapo Solar (Atlas, 233 MW / 932 MWh).
B115: A vigilar (aprobados ambientalmente en ago-26, aun sin construccion): BESS Imilac (FPG, 360 MW / 1.800 MWh) y
B116: GAIA BESS (GAIA Chile, 200 MW / 1.163 MWh) - Min. Energia ago-26, Tabla 12.
B117: Quedan fuera por no tener MWh publicado: BESS Ganso (Limes, 150 MW / 5 h, Valparaiso) y Las Salinas BESS (Enel,
B118: 205 MW / 4 h, en construccion). Las fuentes publican solo MW y horas; el MWh no se estima (regla de CLAUDE.md).
B120: Fuentes de las 4 altas de la corrida 2026-10-01: ess-news.com 01-09-2026 (Guanchoi); ess-news.com 31-08-2026
B121: (Antofagasta 1); reporteminero.cl / portalminero.com 09-2026 (Las Bateas); ess-news.com 13-08-2026 (Huanil).
B122: Fuentes de las 3 altas de esta corrida (2026-10-08): saurenergy.com + ess-news.com 13-01-2026 (ERNC Antofagasta);
...
